<?xml version="1.0" encoding="UTF-8"?>
<metadata xml:lang="tr"><Esri><CreaDate>20201009</CreaDate><CreaTime>11010100</CreaTime><ArcGISFormat>1.0</ArcGISFormat><SyncOnce>TRUE</SyncOnce><DataProperties><lineage><Process ToolSource="E:\R tutorials\HDH118Y090\Toolbox\HDH118Y090.tbx\OlanShapedenOlmayanAlan" Date="20191002" Time="115705">OlanShapedenOlmayanAlan "E:\R tutorials\HDH118Y090\veriler\makale\arakli\shape\heyelan.shp" 30 3 'E:\R tutorials\HDH118Y090\veriler\makale\arakli\singleBands\slope.tif';'E:\R tutorials\HDH118Y090\veriler\makale\arakli\singleBands\twi.tif';'E:\R tutorials\HDH118Y090\veriler\makale\arakli\singleBands\tri.tif' "E:\R tutorials\HDH118Y090\veriler\makale\arakli\uretilen\olmayan.tif" "E:\R tutorials\HDH118Y090\veriler\makale\arakli\uretilen\olmayan.shp" "E:\R tutorials\HDH118Y090\veriler\makale\arakli\uretilen\olanolmayan.tif" "E:\R tutorials\HDH118Y090\veriler\makale\arakli\uretilen\olanolmayan.shp"</Process></lineage></DataProperties></Esri></metadata>
